AUC_mean,AUC_std,specificity_mean,specificity_std,test,model
0.9900446972775295,0.002491070588886586,1.0,0.0,plain,baseline
0.9913314370851958,0.004817396517344905,1.0,0.0,plain,LNTL
0.9979683055668428,0.0011251014307081435,1.0,0.0,plain,TABE
0.9981037518623865,0.001532399905050094,1.0,0.0,plain,CLGR
0.9022754977651362,0.013439419364273508,0.8940809968847353,0.014940285119354269,marked,baseline
0.9573344169036977,0.022654379904751117,0.9906542056074766,0.017063008021967793,marked,LNTL
0.9171068671271843,0.01856602644806549,0.839563862928349,0.08065167268535589,marked,TABE
0.9492076391710688,0.0222350678370644,0.9423676012461059,0.021862412535230843,marked,CLGR
