AUC_mean,AUC_std,specificity_mean,specificity_std,test,model
0.9993904916700528,0.0002031694433157205,1.0,0.0,plain,baseline
0.998510090749018,0.0012777977965673457,1.0,0.0,plain,LNTL
0.9961397805770011,0.002041827635335421,1.0,0.0,plain,TABE
0.992685900040634,0.010115036489908486,1.0,0.0,plain,CLGR
0.831301638900176,0.022294908712421284,0.6573208722741433,0.05927195511040639,rulers,baseline
0.8741703914397941,0.0313255980398828,0.7788161993769469,0.07605330601703243,rulers,LNTL
0.9381687660842476,0.016904896905404487,0.836448598130841,0.044739584474595244,rulers,TABE
0.9576730326425572,0.018464092463639833,0.9018691588785046,0.059537429450518355,rulers,CLGR
